{"eval_loss": 0.5511937141418457, "eval_accuracy": 0.787, "eval_f1": 0.7860395314567092, "eval_matthews_correlation": 0.579223827506834, "eval_precision": 0.7922475978673054, "eval_recall": 0.7869999999999999, "eval_runtime": 0.1423, "eval_samples_per_second": 7027.212, "eval_steps_per_second": 112.435, "epoch": 4.0}