{"eval_loss": 0.18189361691474915, "eval_accuracy": 0.9266891891891892, "eval_f1": 0.9266516091893777, "eval_matthews_correlation": 0.8537710569507537, "eval_precision": 0.9271927269767839, "eval_recall": 0.9265785508834407, "eval_runtime": 1.3075, "eval_samples_per_second": 4527.813, "eval_steps_per_second": 71.13, "epoch": 4.0}