{"eval_loss": 0.4715004861354828, "eval_accuracy": 0.837378640776699, "eval_f1": 0.8366317685357847, "eval_matthews_correlation": 0.6734114248434168, "eval_precision": 0.8371342541011484, "eval_recall": 0.8362777154747267, "eval_runtime": 0.9552, "eval_samples_per_second": 3019.311, "eval_steps_per_second": 48.158, "epoch": 4.0}