{"eval_loss": 0.5109006762504578, "eval_accuracy": 0.7944535073409462, "eval_f1": 0.7904239385256577, "eval_matthews_correlation": 0.6012376810734491, "eval_precision": 0.8103246679532297, "eval_recall": 0.7912165761159049, "eval_runtime": 0.1379, "eval_samples_per_second": 4444.724, "eval_steps_per_second": 72.508, "epoch": 4.0}