{"eval_loss": 0.4294681251049042, "eval_accuracy": 0.8158995815899581, "eval_f1": 0.8135196481770464, "eval_matthews_correlation": 0.6502188228079233, "eval_precision": 0.8340727595385979, "eval_recall": 0.8163865546218487, "eval_runtime": 0.042, "eval_samples_per_second": 5685.789, "eval_steps_per_second": 95.16, "epoch": 4.0}